a dog					
footbal match					
tennis					
people running					
baby					
guy with guiatar					
bicycle					
kids					
animal					
snow					
a girl is riding a horse					
a men and a women are dancing					
black dog walking on the street					
two people hugging each other					
a dog is running on the field					
a men is holding a guitar					
guy is kicking a ball					
a woman is standing next to the car					
little girl crying					
a men is riding a quad bike					
two kids fighting karate and wearing white uniform					
a guy is playing a guitar on stage in front of the public					
a family is sitting together at table and posing to camera					
two men wearing red gloves boxing in a ring					
a guy kicking a soccer ball on grass wearing a black and red dress					
a little boy without a shirt sleeping on the sofa					
a men wearing a black jacket is playing the accordion					 and looking to camera
a group of several men wearing green military unifrom and guns is walking on the street					
a girl and a boy wearing a red dress swinging on a barrel with chains					
a man holding a camera is recoringa a group of people sitting on the street floor and holding a banner					
